[
  { "word": "Auto", "help": "Bewegung" },
  { "word": "Haus", "help": "Struktur" },
  { "word": "Baum", "help": "Natur" },
  { "word": "Hund", "help": "Laut" },
  { "word": "Katze", "help": "Leise" },
  { "word": "Lampe", "help": "Helligkeit" },
  { "word": "Tisch", "help": "Fläche" },
  { "word": "Stuhl", "help": "Sitz" },
  { "word": "Buch", "help": "Wissen" },
  { "word": "Fenster", "help": "Durchblick" },
  { "word": "Tür", "help": "Übergang" },
  { "word": "Straße", "help": "Weg" },
  { "word": "Flugzeug", "help": "Höhe" },
  { "word": "Zug", "help": "Linie" },
  { "word": "Bus", "help": "Transport" },
  { "word": "Fahrrad", "help": "Rollen" },
  { "word": "Pizza", "help": "Rund" },
  { "word": "Apfel", "help": "Frucht" },
  { "word": "Banane", "help": "Gelb" },
  { "word": "Orange", "help": "Zitrus" },
  { "word": "Kaffee", "help": "Bitter" },
  { "word": "Tee", "help": "Warm" },
  { "word": "Wasser", "help": "Klar" },
  { "word": "Milch", "help": "Weiß" },
  { "word": "Schule", "help": "Raum" },
  { "word": "Lehrer", "help": "Gruppe" },
  { "word": "Schüler", "help": "Lernen" },
  { "word": "Koch", "help": "Hitze" },
  { "word": "Arzt", "help": "Warten" },
  { "word": "Feuerwehr", "help": "Alarm" },
  { "word": "Polizei", "help": "Signal" },
  { "word": "Krankenhaus", "help": "Pflege" },
  { "word": "Bäcker", "help": "Teig" },
  { "word": "Gärtner", "help": "Erde" },
  { "word": "Mechaniker", "help": "Werkzeug" },
  { "word": "Pilot", "help": "Himmel" },
  { "word": "Gamer", "help": "Reaktion" },
  { "word": "Musik", "help": "Gefühl" },
  { "word": "Film", "help": "Szene" },
  { "word": "Kino", "help": "Dunkelheit" },
  { "word": "Theater", "help": "Bühne" },
  { "word": "Museum", "help": "Sammlung" },
  { "word": "Park", "help": "Grün" },
  { "word": "Strand", "help": "Sand" },
  { "word": "Berg", "help": "Höhe" },
  { "word": "Tal", "help": "Tiefe" },
  { "word": "Wald", "help": "Dichte" },
  { "word": "Wüste", "help": "Trockenheit" },
  { "word": "Insel", "help": "Abstand" },
  { "word": "Fluss", "help": "Fluss" },
  { "word": "See", "help": "Spiegel" },
  { "word": "Meer", "help": "Weite" },
  { "word": "Himmel", "help": "Blau" },
  { "word": "Wolke", "help": "Form" },
  { "word": "Regen", "help": "Tropfen" },
  { "word": "Schnee", "help": "Kälte" },
  { "word": "Wind", "help": "Bewegung" },
  { "word": "Sturm", "help": "Kraft" },
  { "word": "Feuer", "help": "Hitze" },
  { "word": "Eis", "help": "Kalt" },
  { "word": "Stein", "help": "Härte" },
  { "word": "Metall", "help": "Glanz" },
  { "word": "Holz", "help": "Struktur" },
  { "word": "Glas", "help": "Bruch" },
  { "word": "Papier", "help": "Dünn" },
  { "word": "Stoff", "help": "Faser" },
  { "word": "Seil", "help": "Zug" },
  { "word": "Kette", "help": "Verbindung" },
  { "word": "Uhr", "help": "Zeit" },
  { "word": "Computer", "help": "System" },
  { "word": "Handy", "help": "Signal" },
  { "word": "Tablet", "help": "Fläche" },
  { "word": "Konsole", "help": "Spiel" },
  { "word": "Fernseher", "help": "Bild" },
  { "word": "Radio", "help": "Ton" },
  { "word": "Kamera", "help": "Linse" },
  { "word": "Mikrofon", "help": "Aufnahme" },
  { "word": "Lautsprecher", "help": "Klang" },
  { "word": "Kopfhörer", "help": "Privat" },
  { "word": "Rucksack", "help": "Tragen" },
  { "word": "Koffer", "help": "Reise" },
  { "word": "Jacke", "help": "Schutz" },
  { "word": "Schuhe", "help": "Schritt" },
  { "word": "Hose", "help": "Beine" },
  { "word": "Shirt", "help": "Oberteil" },
  { "word": "Mütze", "help": "Kopf" },
  { "word": "Brille", "help": "Sicht" },
  { "word": "Ring", "help": "Kreis" },
  { "word": "Kette", "help": "Glieder" },
  { "word": "Armband", "help": "Handgelenk" },
  { "word": "Geld", "help": "Tausch" },
  { "word": "Karte", "help": "Plan" },
  { "word": "Schlüssel", "help": "Zugang" },
  { "word": "Kerze", "help": "Flamme" },
  { "word": "Blume", "help": "Duft" },
  { "word": "Gras", "help": "Wiese" },
  { "word": "Pilz", "help": "Wald" },
  { "word": "Fisch", "help": "Wasser" },
  { "word": "Vogel", "help": "Flug" },
  { "word": "Pferd", "help": "Kraft" },
  { "word": "Kuh", "help": "Weide" },
  { "word": "Schwein", "help": "Stall" },
  { "word": "Huhn", "help": "Feder" },
  { "word": "Tiger", "help": "Muster" },
  { "word": "Löwe", "help": "Majestät" },
  { "word": "Affe", "help": "Bewegung" },
  { "word": "Elefant", "help": "Größe" },
  { "word": "Giraffe", "help": "Hals" },
  { "word": "Zebra", "help": "Streifen" },
  { "word": "Krokodil", "help": "Biss" },
  { "word": "Hai", "help": "Flosse" },
  { "word": "Wal", "help": "Tiefe" },
  { "word": "Delfin", "help": "Sprung" },
  { "word": "Biene", "help": "Summen" },
  { "word": "Spinne", "help": "Netz" },
  { "word": "Schmetterling", "help": "Flügel" },
  { "word": "Ameise", "help": "Kolonie" },
  { "word": "Schlange", "help": "Gleiten" },
  { "word": "Frosch", "help": "Sprung" },
  { "word": "Krabbe", "help": "Seitwärts" },
  { "word": "Tintenfisch", "help": "Arme" },
  { "word": "Papagei", "help": "Farbe" },
  { "word": "Rabe", "help": "Dunkel" },
  { "word": "Eule", "help": "Nacht" },
  { "word": "Pfau", "help": "Pracht" },
  { "word": "Kamel", "help": "Wüste" },
  { "word": "Pinguin", "help": "Kälte" },
  { "word": "Koala", "help": "Baum" },
  { "word": "Panda", "help": "Kontrast" }
]